cluster_id,pipeline,n_records,record_ids,title,brand,description,price,priceCurrency
c0,baseline,47,"[""r0"", ""r1"", ""r2"", ""r3"", ""r4"", ""r5"", ""r66"", ""r67"", ""r68"", ""r69"", ""r70"", ""r71"", ""r132"", ""r133"", ""r134"", ""r135"", ""r136"", ""r137"", ""r390"", ""r391"", ""r392"", ""r393"", ""r394"", ""r570"", ""r571"", ""r572"", ""r573"", ""r574"", ""r575"", ""r822"", ""r823"", ""r824"", ""r825"", ""r826"", ""r827"", ""r1272"", ""r1273"", ""r1274"", ""r1275"", ""r1276"", ""r1277"", ""r1374"", ""r1375"", ""r1376"", ""r1377"", ""r1378"", ""r1379""]",new genuine apple macbook pro a1278 a1280 magsafe 1 ac adapter charger l tip 60w,apple,"summary:- designed by apple- automatically on, automatically connected- easy setup for all your apple devices6- quick access to siri by saying “hey siri” or setting up double-tap- double-tap to play or skip forward- charges quickly in the case- case can be charged with a lightning connector- rich, high-quality audio and voice- seamless switching between devicesmore magical than ever.the new airpods deliver the wireless headphone experience, reimagined. just pull them out of the charging case and they’re ready to use with your iphone, apple watch, ipad, or mac.after a simple one-tap setup, airpods work like magic. they’re automatically on and always connected. airpods can even sense when they’re in your ears and pause when you take them out.to adjust the volume, change the song, make a call, or even get directions, simply say “hey siri” and make your request. you have the freedom to wear one or both airpods, and you can play or skip forward with a double-tap when listening to music or podcasts.airpods deliver 5 hours of listening time1 and 3 hours of talk time on a single charge.2 and they’re made to keep up with you, thanks to a charging case that holds multiple charges for more than 24 hours of listening time.3 need a quick charge? just 15 minutes in the case gives you 3 hours of listening time4 or 2 hours of talk time.5powered by the all-new apple h1 headphone chip, airpods use optical sensors and motion accelerometers to detect when they’re in your ears. whether you’re using both airpods or just one, the h1 chip automatically routes the audio and engages the microphone. and when you’re on a call or talking to siri, an additional speech-detecting accelerometer works with beamforming microphones to filter out external noise and focus on the sound of your voice.what's in the box: - airpods- charging case- lightning to usb cable",159.00,usd
c1,baseline,119,"[""r6"", ""r8"", ""r9"", ""r10"", ""r11"", ""r30"", ""r31"", ""r32"", ""r33"", ""r34"", ""r35"", ""r60"", ""r61"", ""r63"", ""r64"", ""r65"", ""r72"", ""r73"", ""r74"", ""r75"", ""r76"", ""r77"", ""r174"", ""r175"", ""r176"", ""r178"", ""r179"", ""r294"", ""r295"", ""r296"", ""r297"", ""r298"", ""r299"", ""r354"", ""r355"", ""r356"", ""r357"", ""r358"", ""r359"", ""r408"", ""r409"", ""r410"", ""r411"", ""r412"", ""r413"", ""r516"", ""r517"", ""r518"", ""r519"", ""r520"", ""r521"", ""r582"", ""r583"", ""r584"", ""r585"", ""r586"", ""r587"", ""r630"", ""r631"", ""r632"", ""r633"", ""r634"", ""r720"", ""r721"", ""r722"", ""r723"", ""r724"", ""r725"", ""r960"", ""r961"", ""r963"", ""r964"", ""r965"", ""r1008"", ""r1009"", ""r1010"", ""r1011"", ""r1012"", ""r1013"", ""r1062"", ""r1063"", ""r1064"", ""r1066"", ""r1067"", ""r1158"", ""r1159"", ""r1160"", ""r1161"", ""r1162"", ""r1163"", ""r1254"", ""r1255"", ""r1257"", ""r1258"", ""r1259"", ""r1362"", ""r1363"", ""r1364"", ""r1365"", ""r1366"", ""r1367"", ""r1470"", ""r1471"", ""r1472"", ""r1473"", ""r1474"", ""r1475"", ""r1608"", ""r1609"", ""r1610"", ""r1611"", ""r1612"", ""r1613"", ""r1758"", ""r1759"", ""r1760"", ""r1761"", ""r1762"", ""r1763""]",sram disc brake pad set organic with steel back fits hydraulic road disc level ultimate and level tlm,shimano,"the bb-mt800-pa bottom bracket by shimano - pressfit for xt and slx cranksthe shimano bb-mt800-pa is a bottom bracket for press-fit mounting in frames with 89 to 92 mm shell widths and 41 mm bottom bracket diameter. it is recommended for xt, slx and groupless hollowtech ii cranks with 24 mm axle diameters. the bearing cups are made of resin.specificationsapplication: cross country, all mountain, city & touringtype: pressfit bb92shell diameter: 41 mmshell width: 89.5-92 mmaxle diameter: 24 mm (hollowtech ii)technical information:bearings: steelbottom bracket cup material: resinbottom bracket centre tube material: resinfeatures:- recommended for xt fc-m8100, fc-m8120, fc-m8130, fc-m8000, fc-t8000, slx fc-m7100, fc-m7120, fc-m7130, fc-m7000, fc-mt700, fc-mt610, fc-mt600technology:hollowtech iithe externally mounted bottom bracket offers better weight distribution and stability for more efficient power transmission. the diameter of the bottom bracket axle and the bearing (24 mm) was an important factor in the development, as the bottom bracket axle has a significant impact on stiffness, stability, weight and rotational efficiency.manufacturer part number:i-bbmt800pacontents:- 1 x shimano bb-mt800-pa right bearing cup, incl. bearings- 1 x shimano bb-mt800-pa left bearing cup, incl. bearings- 1 x shimano centre tube- 1 x 2.5 mm spacersweight: 68.2gfaqwhat type is shimano xt press fit mtb bottom bracket? the shimano xt press fit mtb bottom bracket is a press-fit type.what width shell is suitable for the shimano xt press fit mtb bottom bracket?the shimano xt press fit mtb bottom bracket is available in 89.5 mm and 92mm shell width standard.what diameter crank diameter is shimano xt press fit mtb bottom bracket compatible with?the shimano xt press fit mtb bottom bracket is compatible with 24 mm crank diameter standard.",1.4999e2,usd
c10,baseline,1,"[""r57""]",,,,,gbp
c100,baseline,1,"[""r1096""]",,,"mpn: sdsqxa1-256g-gn6mavendor:sandisksandisk extreme microsdxc,v30,u3,c10,a2,uhs-i,160mb/s r,90mb/sw,4x6,sdadaptor,lifetimelimitedsandisk extreme microsdxc,u3,c10,a2,uhs-i,160mb/s r,90mb/sw,4x6,sdadaptor,lifetimelimited",,aud
c101,baseline,1,"[""r1121""]",es-16-150wubiquiti 16 port poe edgeswitch 150 watt,,,1.98,
c102,baseline,1,"[""r1130""]",tarjeta de red pci express x1 inalambrica tp-link wireless 802.11n/g/b150mbps antena desmonta 2dbi,,,189.1728,
c103,baseline,1,"[""r1132""]",,,tp-link 150mbit-wlan-lite -n-pci express x1 adapter,,sek
c104,baseline,1,"[""r1133""]","adaptador wifi n pci express 150 mbps 20dbm, 802.11b/g/n chipset atheros, 1 antena 2 dbi desmontable.",,,54,
c105,baseline,1,"[""r1167""]",,,,,gbp
c106,baseline,1,"[""r1175""]",32oz (946ml) wide mouth 2.0,,,79.99,
c107,baseline,1,"[""r1202""]",toner brother tn-241mhl-3140/50/70,,,69.8,
c108,baseline,1,"[""r1222""]",,,,,
c109,baseline,1,"[""r1263""]",,,,,eur
c11,baseline,1,"[""r62""]","bicycle chain, cn-hg601-11, for 11-speed (road/mtb/e-bike compatible), 116 links(w/quick link, sm-cn900-11), ind.pack",,,44.99,
c110,baseline,1,"[""r1286""]",alcatel-lucent enterprise - 10g-sr sfp+ transceiver,,,3332.00,
c111,baseline,1,"[""r1287""]",,,,,eur
c112,baseline,1,"[""r1301""]",d-link/net/24x1gb poe switch /+ 4 sfp/l2/rm,,,7689.19,
c113,baseline,6,"[""r1302"", ""r1303"", ""r1304"", ""r1305"", ""r1306"", ""r1307""]","lexmark x945x2 x945x2kg black compatible high yield toner cartridge x940e, x945e",lexmark,lexmark x940/x945 compatible toner black,1.7588e2,aud
c114,baseline,1,"[""r1331""]","sandisk extremepro sd 32gb,uhs-ii, read up to 300mb/s , write up to 260mb/s , for super-fast continuous burst mode shots, maximum post-production workflow efficiency, and high-performance video recording",,,1.3494e2,
c115,baseline,6,"[""r1380"", ""r1381"", ""r1382"", ""r1383"", ""r1384"", ""r1385""]",veste new era nfl new england patriots bomber,,,1.199e2,ron
c116,baseline,1,"[""r1407""]",,,,,nzd
c117,baseline,1,"[""r1427""]","ubiquiti uap-ac-pro-5 wi-fi, 802.11 a/b/g/n/ac, 2.4/5.0 ghz, 2, web-based management, 1.3 gbit/s, power over ethernet (poe), 10,",,,2984.79,
c118,baseline,1,"[""r1428""]",,,,,eur
c119,baseline,2,"[""r1429"", ""r1430""]",canon ink cart. pg-40/cl-41 multipack blistered per mf210/220//mp150/160/170/180/ 450//ip1600/1700/1800/2200// jx200/500 black/colour (0615b036),,save on ink and enjoy the convenience of a multipack that includes a black and colour fine cartridge,35.00,sek
c12,baseline,18,"[""r84"", ""r85"", ""r86"", ""r87"", ""r88"", ""r89"", ""r300"", ""r301"", ""r302"", ""r303"", ""r304"", ""r305"", ""r468"", ""r469"", ""r470"", ""r471"", ""r472"", ""r473""]","garmin gps chytré hodinky fenix5x plus sapphire black, black band",garmin,"get more from your workout with less on your wristpremium smaller-sized (42 mm) multisport gps watch with elevate™ wrist heart rate technology¹preloaded activity profiles for all of your sports and adventuresput key stats at your fingertips with the performance widget that shows the effects and progress of your workoutsconnected features² include smart notifications, automatic uploads to garmin connect™ online fitness community and personalization through free watch faces and apps from our connect iq™ storeoutdoor sensors, including gps and glonass satellite reception and 3-axis compass with gyroscope and barometric altimeterbattery life: up to 9 days in smartwatch mode (depending on settings), up to 14 hours in gps mode or up to 35 hours in ultratrac™ battery saver modefor serious athletes and adventurers who want to do more, not wear more – fēnix 5s is the perfect fit. it’s our premium multisport watch that offers full-size performance in a lighter, sleeker, more compact design. so you can beat yesterday with advanced features such as wrist-based heart rate¹, built-in activity profiles, navigation functions, and performance metrics that measure the effectiveness of your workout. it’s one smart sport watch you can comfortably wear anywhere – office or outback – to keep pace with your active lifestyle.striking design, strong performanceathletes and adventurers come in all sizes. that’s why the fēnix 5 series offers multiple models that vary in size to fit every wrist and every workout. each version offers a variety of stainless steel finishes, quickfit™ watch band combinations and premium feature sets to give you the look, performance and lightweight comfort to match both your aesthetic and athletic interests.dual navigation networksevery fēnix 5 series watch features advanced gps and glonass satellite reception to track in more challenging environments than gps alone. you can count on long battery life in each mode of operation (varies by model, depending on settings). and for go-anywhere confidence, all fēnix 5 versions are water-rated to 100 meters.outstanding readability on the runa bright, high-resolution, full-color garmin chroma display™ with led backlighting assures great readability in all ambient conditions. transflective technology that reflects and transmits light at the same time enables the watch face to become even more readable under intense sunlight.sapphire editions feature a scratch-resistant sapphire lens and are also wi-fi®-enabled so your watch can connect to your wireless network and automatically send activity uploads for sharing on garmin connect.wrist-based heart rateon your wrist, elevate wrist heart rate technology lets you monitor your heart rate without wearing a chest strap. in addition to counting steps and monitoring sleep, the watch uses heart rate to provide calories burned information and quantify the intensity of your fitness activities.match your style with interchangeable watchbandsa selection of quickfit bands in your choice of premium leather, metal or silicone makes it easy to mix and match styles to go with any sport or activity. no tools are required to make the transformation. just swap, click and go.advanced performance metricsevery fēnix 5s watch is packed with sophisticated training features to help monitor your form and performance³. enhanced readouts for training status and training effect show aerobic and anaerobic benefits of your workout – so you can see how your workouts are paying off and even compare results with your peers.the vo2 max estimator crunches data, including your running speed, beats per minute and heart rate variability, to estimate the maximum volume of oxygen you can consume per minute.and other fitness metrics include recovery advisor with a recovery timer and recovery check, plus a race predictor that estimates your ideal finish time based on your current vo2 max number.advanced running dynamicsnow you can go further with your running data. garmin training features that tap into extended physiological metrics and advanced running dynamics¹ can help improve your form and overall performance. these include:performance condition: after running for 6-20 minutes, fēnix 5s compares your real-time condition to your average fitness levelslactate threshold: through analysis of your pace and heart rate, fēnix 5s estimates the point where your muscles start to rapidly fatiguecadence — number of steps per minutestride length — shows your stride length in real timewant more? by pairing your watch with a compatible heart rate chest strap such as the hrm-run™, you can access these additional fēnix 5s metrics³:vertical oscillation and ratio — the degree of 'bounce' in your running motion and the benefit ratio to stride lengthground contact time and balance — shows how much time, in the running motion, your foot is on the ground rather than in flight and lets you check your running symmetrystress score: fēnix 5s measures your heart rate variability while standing still, for 3 minutes, to provide you with an estimated stress level. the scale of this is 1 to 100; low scores indicate lower stress levelsswim profiles, skiing, paddle sports, golf and morebeyond their running functions, fenix 5 watches also offer special feature sets to help with swim training, skiing, golfing and paddle sports, including stand-up paddle boarding and rowing.for swimmers, the device tracks your distance, pace, stroke count and more. ski/board mode puts speed, distance, vertical drop and an automatic run counter (with auto pause for the lift line) and more at your fingertips.the feature set for paddle sports includes stroke count, stroke rate and even distance per stroke. golf mode gives you yardage to the front, back and middle of the green for any single course you’ve downloaded from garmin connect – and also adds enhancements such as stat tracking (fairways hit, etc.), green view, autoshot detection and auto measure.navigate the great outdoors, your wayeach model in the fēnix 5 series provides comprehensive navigation and tracking to guide you on and off the beaten path using gps plus abc (altimeter, barometer and compass) sensor capabilities. the built-in altimeter provides elevation data to accurately monitor ascent and descent, while the barometer can be used to predict weather changes by showing short-term trends in air pressure.the 3-axis electronic compass keeps your bearing, whether you’re moving or not. in addition, there’s an internal gyroscope to help improve position accuracy (and battery life) in ultratrac mode – as well as a thermometer to help you monitor changing weather conditions.so many ways to stay connectedall fēnix 5 series models can support smart notifications when paired with a compatible device. receive emails, texts and alerts right on your watch – whether you're on the trail, on the golf course or simply away from your desk. other connected features include automatic uploads to our garmin connect online fitness community, live tracking and social media sharing through our free garmin connect and garmin connect™ mobile applications.custom apps and watch facesyou can customize your fēnix 5s watch with free downloads from our connect iq store. change your watch face, add data fields or get apps and widgets for information at a glance.",19006.00,gbp
c120,baseline,18,"[""r1458"", ""r1459"", ""r1460"", ""r1461"", ""r1462"", ""r1463"", ""r1572"", ""r1573"", ""r1574"", ""r1575"", ""r1576"", ""r1577"", ""r1698"", ""r1699"", ""r1700"", ""r1701"", ""r1702"", ""r1703""]",sigma 35mm f1.4 dg hsm 'a' lens - nikon fit- £75 cashback available from sigma,,"ef-mount lens/full frame formataperture range: f/1.4 to f/16one moulded glass aspherical elementthree special low dispersion elementssuper multi-layer coatingfloating system & large diameter designhyper sonic af motorrounded nine-blade diaphragmthermally stable composite materialbrass bayonet mountcompatible with sigma usb dockintroducing the new benchmark large-aperture standard lens.in 2008, sigma released a large diameter standard lens designed for digital slrs, “sigma 50mm f1.4 ex dg hsm”. at that time, products for film cameras were prevalent, yet we spent enormous effort to set a new benchmark for the 50mm lens that optimizes the characteristics of digital cameras, such as compensating peripheral brightness, controlling the point images in the corners, and improving the image drawing, not only around the focusing point, but also other areas in the image.in recent years, as the dslr evolves, development of image sensors for higher pixel size has created the photographers' desire for the lenses with superior performance. in 2012, sigma has announced the “art” line that achieves unsurpassed expressive performance to fulfill the higher requirement of photographers. the first lens from the “art” line “sigma 35mm f1.4 dg hsm [a012]” sought for uncompromising performance, and it resulted in great reviews as well as a lot of awards from all over the world. based on the accumulated wisdom and know-how to establish the standard for our “art” line series, we are proud to announce the development of the new high performance standard lens with a large diameter for this new era of superb image quality.art line delivers high-level artistic expressionsigma is organizing all its interchangeable lenses into three product lines; contemporary, art, and sports, where each line has a distinctive concept. designed with a focus on sophisticated optical performance and abundant expressive power, our art line delivers high-level artistic expression. with the astonishing rendering performance that meets the high standard, along with landscapes, portraits still-life, close-up, and casual snaps, they are perfect for the kind of photography that unleashes the inner artist. ideal for studio photography, they offer just as much expressive scope when capturing architecture and starry skies and many other scenes.astonishing rendering performanceutilizing know-how and the latest design technology accumulated through the past developments, it corrects the aberration thoroughly and achieves high resolution and astonishing rendering performance even near the edge of the image.achieving both high resolution and beautiful bokehwhile pursuing a high level of resolution on the focused point, bokeh in front and behind the point of focus is carefully maintained to have soft rendering. aberrations including sagittal coma flare and color distortion that affect the image quality are thoroughly corrected. from open aperture, high-definition rendering without blur is achieved. moreover, by ensuring vignetting at the minimum and preventing color blur around the front and back of the focus point, it also achieves natural bokeh.excellent correction of sagittal coma flareit is ideal for a wide aperture standard lens to have a high rendering performance from open aperture throughout the entire image. for instance, the molded glass aspherical lens elements provide excellent correction to sagittal coma flare. it is perfect for astronomical photography and shooting of illumination because of the reduced blur on the point light sources near the edge of the image. it also creates an attractive bokeh in portraits and indoor shooting.correction of axial chromatic aberrationfor axial chromatic aberration that is hard to correct even during the image processing, sld (special low dispersion) glass elements are incorporated, ensuring high image quality throughout the entire focusing range. the lens achieves sharp and high contrast image rendering.minimized distortionit is not possible to compensate for distortion just by changing the aperture values. thus, the lens development stage was vital in ensuring minimized distortion. the “sigma 50mm f1.4 dg hsm” has positioned each glass element to optimize the power layout at respective positions, and succeeded in minimizing distortion.rich peripheral brightnessit secures very rich brightness in the peripheral areas, which can be a common problem for a lens with a large diameter. by positioning wide elements in the front group, it has improved the efficiency at large apertures. since it is capable of minimizing vignetting, very clear depiction across the image is ensured.designed to minimize flare and ghostingflare and ghosting were thoroughly measured and monitored from the lens development stage to establish an optical design which is resistant to strong incidental light such as backlight. the super multi-layer coating reduces flare and ghosting and provides sharp and high contrast images even in backlit conditions.minimum focusing distance of 40cmthe lens incorporates a floating system that adjusts the distance between lens groups while focusing, thereby reducing the amount of lens movement required. this achieves a minimum focusing distance of 40cm and maximum magnification ratio of 1:5.6. as there is less variation in aberration at different shooting distances, the lens delivers high rendering performance throughout the entire focusing range.hyper sonic motor ensures high af speedthe hsm (hyper sonic motor) ensures a silent, high-speed af function. optimizing af algorithm, smoother af is achieved. also, this lens can offer full-time mf function by rotating the focus ring of the lens while auto focusing. without changing the af/mf focus mode switch, it allows faster focus adjustment.new additional function added to “sigma usb dock(optional)”with the optional sigma usb dock, you can update your lens firmware, adjust focus points and customize the setting of full-time mf function and the timing to operate the full-time mf function. by attaching this lens to a sigma usb dock, which is connected to a computer, the dedicated software “sigma optimization pro” offers various types of customization and adjustment.incorporating rounded diaphragmthe 9 blade-rounded diaphragm creates an attractive blur to the out-of-focus areas of the image.design conceptwith the new product lines, supplied hoods incorporate rubber for the connected part. lens caps and af/mf switches are also newly designed in order to improve usability. for the parts inside, metals and a new material called tsc (thermally stable composite), which works well with metals, are located to achieve products with high accuracy. the lens barrel includes the year of release, engraved for users to recognize when the lens was released.brass made bayonet mountthis lens incorporates a brass made bayonet mount which has both high accuracy and durability. a special treatment to reinforce its strength is applied to the surface giving it greater strength and making it highly resistant to long-term use.",9.4999e2,usd
c121,baseline,1,"[""r1466""]","wd 3tb my book desktop 3.5\"" usb3.0 e/hdd",,,1738.26,
c122,baseline,5,"[""r1482"", ""r1483"", ""r1484"", ""r1485"", ""r1487""]","monitor curbat led samsung c27f390fhu, 27\"", full hd, 60hz, negru",,"samsung cf390 27"" 4ms hdmi curved monitor",19632.440,pln
c123,baseline,5,"[""r1500"", ""r1501"", ""r1502"", ""r1504"", ""r1505""]","benq lcd sw2700pt 27\"" w/ips led/2560x1440/5ms/dvi-dl/hdmi/2xusb3.0/flicker-free/vesa 9h.ldklb.qbe",,"benq sw2700pt 27\"" 2kphotovue photographer monitor",695.64,pln
c124,baseline,1,"[""r1503""]",,,,,pln
c125,baseline,6,"[""r1524"", ""r1525"", ""r1526"", ""r1527"", ""r1528"", ""r1529""]","park tool ct-5, portable chain tool",park tool,"park's mini chain brute chain tool goes anywhere and features a v-shaped handle, a super-strong replaceable pin, and fine threads to make chain removal and installation a breeze. the ct-5 works on...",1.695e1,usd
c126,baseline,1,"[""r1561""]",,,cisco catalyst 2960 x 24 gige lan base 2 x 10g sfp+ switch,,usd
c127,baseline,1,"[""r1600""]",,,,,eur
c128,baseline,1,"[""r1601""]",intel core i7 9700f coffee lake refresh eight core 3.0 ghz 1151,,,399.00,
c129,baseline,1,"[""r1617""]",,,,,eur
c13,baseline,165,"[""r102"", ""r103"", ""r104"", ""r105"", ""r106"", ""r107"", ""r108"", ""r109"", ""r110"", ""r111"", ""r112"", ""r113"", ""r138"", ""r141"", ""r142"", ""r143"", ""r144"", ""r145"", ""r146"", ""r147"", ""r148"", ""r149"", ""r240"", ""r242"", ""r243"", ""r244"", ""r245"", ""r253"", ""r254"", ""r255"", ""r256"", ""r257"", ""r330"", ""r333"", ""r334"", ""r335"", ""r432"", ""r433"", ""r434"", ""r435"", ""r436"", ""r437"", ""r492"", ""r493"", ""r494"", ""r495"", ""r496"", ""r497"", ""r540"", ""r541"", ""r542"", ""r543"", ""r544"", ""r545"", ""r948"", ""r949"", ""r950"", ""r951"", ""r952"", ""r953"", ""r996"", ""r997"", ""r998"", ""r999"", ""r1000"", ""r1001"", ""r1056"", ""r1057"", ""r1059"", ""r1060"", ""r1061"", ""r1116"", ""r1117"", ""r1118"", ""r1119"", ""r1120"", ""r1128"", ""r1129"", ""r1131"", ""r1176"", ""r1177"", ""r1178"", ""r1179"", ""r1180"", ""r1181"", ""r1206"", ""r1207"", ""r1208"", ""r1209"", ""r1210"", ""r1211"", ""r1296"", ""r1297"", ""r1298"", ""r1299"", ""r1300"", ""r1320"", ""r1321"", ""r1322"", ""r1323"", ""r1324"", ""r1325"", ""r1332"", ""r1333"", ""r1334"", ""r1335"", ""r1336"", ""r1337"", ""r1368"", ""r1369"", ""r1370"", ""r1371"", ""r1372"", ""r1373"", ""r1392"", ""r1393"", ""r1394"", ""r1395"", ""r1396"", ""r1397"", ""r1422"", ""r1423"", ""r1424"", ""r1425"", ""r1426"", ""r1488"", ""r1489"", ""r1490"", ""r1491"", ""r1492"", ""r1493"", ""r1620"", ""r1622"", ""r1623"", ""r1624"", ""r1625"", ""r1680"", ""r1681"", ""r1682"", ""r1683"", ""r1684"", ""r1685"", ""r1722"", ""r1723"", ""r1724"", ""r1725"", ""r1726"", ""r1727"", ""r1770"", ""r1771"", ""r1772"", ""r1773"", ""r1774"", ""r1775"", ""r1776"", ""r1777"", ""r1778"", ""r1779"", ""r1780"", ""r1781"", ""r1788"", ""r1789"", ""r1790"", ""r1791"", ""r1793""]",tp-link archer c60 ieee 802.11ac ethernet wireless router - 2.40 ghz ism band - 5 ghz unii band(5 x external) - 168.75 mb/s wireless speed - 4 x network port - 1 x broadband port - fast ethernet - vpn supported - desktop,tp-link,"lan x 4, wan, usb 2.0, ieee 802.11n/g/b/a/ac, 2.4 - 5 ghz, 300 - 867 mbps","1,409.99 lei;",eur
c130,baseline,1,"[""r1621""]",,,,,ghs
c131,baseline,1,"[""r1675""]",,,"the comfortable, lower-profile shape feels good in either hand—even after a long day of work. you’ll enjoy smooth, precise cursor control that lets you edit documents and navigate the web more efficiently. it works right out of the box—you just plug it into your usb port and you’re ready for business.",,eur
c132,baseline,6,"[""r1686"", ""r1687"", ""r1688"", ""r1689"", ""r1690"", ""r1691""]",hikvision 4 port poe switch unmanaged ref: ds-3e0105p-e,,"the hikvision ds-3e0105p-e is a network switch poe. with a 100mbps port and 4 10/100mbps power over ethernet ports, hikvision's unique ds-3e0105p-e switch is a high-powered solution. it offers a simple no configuration setup, automated detection, and compliant energy input capabilities for consistent results. by providing a robust extended transmission mode, the unmanaged poe switch delivers optimal speeds of 10mbps across longer ranges (up to 250 meters). featureslayer 2 unmanaged poe switch4x 10/100mbps ethernet ports1x 100mbps uplinkieee 802.3af or 802.3at poe standard802.3af or 802.3at132 mm x 93.3 mm x 27.6 mmpower: 51 vdc, 63 watts max (psu included)operating temperature: 0 - 40cspecificationsportsnetwork ports:5poe port:4,10/100mbpsrj45portsuplink port:1,100methernetportstandardnetwork protocol:ieee802.3,802.3u,802.3x,802.3af,802.3atperformanceswitching capacity:1gbpsmax. forwarding rate:0.74mppshigh priority ports:port1forwarding mode:store-and-forwardmac address table:1kflow control:ieee802.3xfullduplexpower over ethernetpoe standard:ieee802.3af,ieee802.3atpoe power budget:58wworking mode:extendon:250m,10m,cat5eextendoff:100mgeneralpower supply:51vdc,1.25apower consumption:≤63wsurge protection:4kvworking temperature:temperature:0℃-40℃working humidity:humidity:10%-90%,non-condensingstorage temperature:temperature:-40℃-70℃storage humidity:humidity:5%-90%,non-condensingweight:0.299kgdimension:132mm*93.3mm*27.6mmdownloadsds-3e0105p-e_datasheet.pdf",37.398553,eur
c133,baseline,1,"[""r1693""]",,,"crucial 4gb ddr3 pc3-12800 unbuffered non-ecc 1.35v204-pin sodimmddr3 204-pin sodimm: approximately 2.66 in. by 1.18 in. (66 mm by 30 mm)in short, 204-pin small outline dual inline memory modules (sodimms) are the form factor used to provide ddr3 memory modules for notebook computers and other small form factor computing platforms. 204-pin sodimms are currently available in pc3-8500 (ddr3 1066mhz) and pc3-10600 (ddr3 1333mhz) speeds.to use ddr3 memory, your system must have both a 204-pin sodimm slot and a chipset that supports ddr3 memory. a ddr3 sodimm will not fit into ddr2 or ddr memory sockets. (information about which memory technology your system uses is included in the crucial memory advisor™ tool.)sodimms are smaller and thinner than regular dimms, and the 204-pin sodimm pcbs are always ~2.6 inches long and are usually around 1.18 inches high (though the heights can vary slightly). they consist of a number of memory components (usually black) that are attached to a printed circuit board (usually green). the number of memory components on a 204-pin sodimm’s printed circuit board (pcb) can vary, but the pcb will always have 102 pins on the front and the back both, for a total of 204 pins. the gold pins on the bottom of the sodimm provide the connection between the memory module and the memory socket.specificationecc: non-eccform factor: sodimmmodule size: 4gbkit qty: 1speed: 1600 mt/stracer: falsevoltage: 1.35vdimm type: unbufferedbullet features: increases system performancewarranty: limited lifetimespecs: ddr3 pc3-12800 • cl=11 • unbuffered • non-ecc • ddr3-1600 • 1.35v",,mur
c134,baseline,1,"[""r1695""]",,,,,usd
c135,baseline,1,"[""r1746""]",,,,,aud
c136,baseline,1,"[""r1747""]",,,,,pln
c137,baseline,1,"[""r1748""]",smx3000hvapc smart-ups x 3000va short depth tower/rack convertible lcd 200-240v,,,1358394.00,
c138,baseline,1,"[""r1750""]",,,"intelligent and efficient network power protection from entry level to scaleable runtime. ideal ups for servers, point-of-sale, routers, switches, hubs and other ...",,aud
c139,baseline,1,"[""r1792""]",,,,,usd
c14,baseline,1,"[""r115""]",,,"high-speed usb 3.1 performance in a usb type-c drive easily free up space on your smartphone or quickly transfer files between devices at usb 3.1 high speeds of up to 150mb/s. with a reversible usb type-c connector and a traditional usb connector, the sandisk ultra dual drive usb type-c lets you quickly and easily transfer files between smartphones, tablets and computers. plus the sandisk memory zone app for android (available on google play) helps you manage your device’s memory and your content. the sandisk ultra dual drive usb type-c is the perfect liaison between your new usb type-c device and your devices with traditional usb ports.the flash drive for usb type-c devices designed specifically for next-generation devices with the new usb type-c port. the reversible connector has a symmetric design, so that it’s always right-side up, making it easy and fast to plug in.high-speed usb 3.1 high-speed usb 3.1 performance of up to 150mb/s means you spend less time waiting to transfer your photos, videos, songs, and other files between devices.dual usb type-c and usb type-a connectors with dual connectors, the sandisk ultra dual drive usb type-c lets you free up space on your smartphone or tablet, or transfer files between multiple devices, whether it has a usb type-c port or the traditional usb type-a port.sandisk memory zone app for easy file management available from the google play store, the sandisk memory zone app lets you view, access, and back up all the files from your phone's memory in one location. it can also automatically move files from your device to your drive to free up space.kapacitet: 32 gbenhedsgrænseflade: usb type-a / usb type-cusb version: 3.2 gen 1 (3.1 gen 1)læse hastighed usb 3.2 gen 1 (3.1 gen 1): 150 mb/sunderstøttede windows-operativsystemer: windows 10 education,windows 10 education x64,windows 10 enterprise,windows 10 enterprise x64,windows 10 home,windows 10 home x64,windows 10 pro,windows 10 pro x64,windows 7 enterprise,windows 7 enterprise x64,windows 7 home basic,windows 7 home basic x64,windows 7 home premium,windows 7 home premium x64,windows 7 professional,windows 7 professional x64,windows 7 starter,windows 7 starter x64,windows 7 ultimate,windows 7 ultimate x64,windows 8,windows 8 enterprise,windows 8 enterprise x64,windows 8 pro,windows 8 pro x64,windows 8 x64,windows vista business,windows vista business x64,windows vista enterprise,windows vista enterprise x64,windows vista home basic,windows vista home basic x64,windows vista home premium,windows vista home premium x64,windows vista ultimate,windows vista ultimate x64mac kompabilitet: jaunderstøttede mac-operativsystemer: mac os x 10.10 yosemite,mac os x 10.11 el capitan,mac os x 10.12 sierra,mac os x 10.13 high sierra,mac os x 10.6 snow leopard,mac os x 10.7 lion,mac os x 10.8 mountain lion,mac os x 10.9 mavericksunderstøttede mobile operativsystemer: androidformfaktor: glidefarve på produkt: sort, sølvnøglering: nejfingeraftrykslæser: nejpin-kode-sikret adgang: nejbeskyttelse af adgangskode: nejdriftstemperatur (t-t): 0 - 45 °copbevaringstemperatur (t-t): -10 - 70 °cbredde: 38,1 mmdybde: 9,4 mmhøjde: 20,1 mmvægt: 9,1 gpakke bredde: 101,6 mmpakke dybde: 11,7 mmpakke højde: 152,4 mmpakkevægt: 28,3 gpakketype: blisterantal pr. pakke: 1 stkantal pr. hovedkasse (udvendig): 25 stkhovedkasse (ekstern), bredde: 11,9 cmhovedemballage (ekstern) længde: 19,2 cmydre emballage, højde: 18,1 cmmaster kartonvægt: 797,5 g",,dkk
c15,baseline,45,"[""r119"", ""r270"", ""r271"", ""r272"", ""r273"", ""r274"", ""r275"", ""r576"", ""r577"", ""r580"", ""r581"", ""r678"", ""r679"", ""r680"", ""r681"", ""r682"", ""r683"", ""r732"", ""r733"", ""r734"", ""r735"", ""r736"", ""r737"", ""r798"", ""r799"", ""r800"", ""r801"", ""r802"", ""r803"", ""r1092"", ""r1093"", ""r1094"", ""r1095"", ""r1097"", ""r1098"", ""r1099"", ""r1100"", ""r1101"", ""r1102"", ""r1103"", ""r1326"", ""r1327"", ""r1328"", ""r1329"", ""r1330""]",sandisk 64gb sqxcy extreme pro microsdxc memory card (sdsqxcy-064g-gn6ma)-wrty ltd lifet w/distributor,sandisk,"fast enough to keep up with the action get extreme speeds for fast transfer, app performance, and 4k uhd.2 ideal for your android smartphone, action cameras or drones, this high-performance microsd card does 4k uhd video recording, full hd video and high-resolution photos. the super-fast sandisk extreme® microsdxc memory card reads up to 160mb/s and writes up to 90mb/s. plus, it’s a2-rated, so you can get fast application performance for an exceptional smartphone experience. save time transferring content quick read speeds of up to 160mb/s let you transfer 1000 high-resolution photos and 30 minutes of 4k video (24gb) in less than 3 minutes.product descriptionfast enough to keep up with the action get extreme speeds for fast transfer, app performance, and 4k uhd.2 ideal for your android smartphone, action cameras or drones, this high-performance microsd card does 4k uhd video recording, full hd video and high-resolution photos. the super-fast sandisk extreme® microsdxc memory card reads up to 160mb/s and writes up to 90mb/s. plus, it’s a2-rated, so you can get fast application performance for an exceptional smartphone experience. save time transferring content quick read speeds of up to 160mb/s let you transfer 1000 high-resolution photos and 30 minutes of 4k video (24gb) in less than 3 minutes. write speeds of up to 90mb/s capture fast-action photos or shoot 4k uhd video2 with write speeds of up to 90mb/s.the sandisk extreme® microsdxc™ uhs-i card lets you shoot more and faster. great for capturing 4k uhd video2 ideal for recording outdoor adventures, weekend trips, or sporting events without skipping frames. with up to 400gb1, the sandisk extreme® microsd uhs-i card lets you capture uninterrupted 4k uhd and full hd video with its uhs speed class 3 (u3) and video speed class 30 (v30) ratings. load apps faster with a27 get faster app performance for an outstanding smartphone experience thanks to the sandisk extreme® microsd card’s a2 specification. durable design for use in extreme environments sandisk extreme® microsdhc™ and microsdxc™ uhs-i cards are shockproof, temperature-proof, waterproof, and x-ray-proof, so you can enjoy your adventures without worrying about the durability of your memory card. compatible with mobilemate® usb 3.0 reader use the mobilemate® usb 3.0 microsd™ card reader with transfer speeds of up to 160mb/s, so you can move big files fast, move a lot of files fast or just make frequent file transfers that much quicker.warrantylimited lifetime",1.1970000000008e4,gbp
c16,baseline,1,"[""r139""]",,,the ubiquiti poe-48-24w-g is a uniquely reliable adapter that supports passive type powering through the ethernet network.,,hkd
c17,baseline,1,"[""r140""]",ubiquiti spare poe48v giga ports 24watt incl 230v cable (poe-48-24w-g),,,300.00,
c18,baseline,1,"[""r177""]",,,,,usd
c19,baseline,15,"[""r180"", ""r181"", ""r182"", ""r183"", ""r184"", ""r185"", ""r642"", ""r643"", ""r644"", ""r645"", ""r646"", ""r647"", ""r1520"", ""r1521"", ""r1523""]",0000071495| nikon nikkor af-s 24-85mm f/3.5-4.5g ed vr lens,nikon,"the nikon af-s nikkor 24-85mm f/3.5-4.5g ed vr lens features a wide to medium tele 3.5x zoom and vr image stabilization. it's an excellent standard lens that can be used for everyday shooting. the 24 - 85mm focal length can cover everything from wide-angle shots to portrait shooting. it lets you shoot up to four shutter speeds slower, thanks to the vr image stabilization. and, it affords superior close focusing at 1.25 feet away from every focal length.in addition to the obvious advantages a reliable everyday lens provides, it also employs a 7-blade rounded diaphragm opening, three aspherical lens elements and one extra-low dispersion ed element. product descriptionthe nikon af-s nikkor 24-85mm f/3.5-4.5g ed vr lens features a wide to medium tele 3.5x zoom and vr image stabilization. it's an excellent standard lens that can be used for everyday shooting. the 24 - 85mm focal length can cover everything from wide-angle shots to portrait shooting. it lets you shoot up to four shutter speeds slower, thanks to the vr image stabilization. and, it affords superior close focusing at 1.25 feet away from every focal length.in addition to the obvious advantages a reliable everyday lens provides, it also employs a 7-blade rounded diaphragm opening, three aspherical lens elements and one extra-low dispersion ed element. the 7-bladed rounded diaphragm allows for beautiful bokeh and blurred background effects in photos with a shallow depth of field.having one ed glass element and three aspherical elements means this lens will provide you and your camera with spectacular image quality, clarity and contrast in every frame you capture. it's suited for all levelsof photography and video capture, from amateur to professional. plus, it touts features like nikon's super integrated coating, internal focus, silent wave motor and m/a (manual/auto) focus mode switch.features- for fx-format dslrs- wide-angle to medium telephoto 3.5x zoom- three aspherical lens elements- one extra-low dispersion lens element- nikon vr image stabilization- nikon super integrated coating- silent wave motor & superior close focus- m/a (manual/auto) focus mode switch- round 7-blade diaphragm & internal focusproduct specificationsspecificationsperformancefocal length 24 - 85mmcomparable focal length: 36 - 127.5 mmaperture maximum: f/3.5 - 4.5minimum: f/22 - 29camera mount type nikon fformat compatibility nikon fx/35mm filmangle of view 28° - 84° / dx picture angle: 18° - 61°minimum focus distance 1.25' (.38 m) 2magnification 3.5xmaximum reproduction ratio 1:0elements/groups 16/11diaphragm blades 7featuresimage stabilization yes autofocus yesphysicalfilter thread front:72 mmdimensions (dxl) approx. 3.1 x 3.2\"" (7.87 x 8.13 cm)weight 1.02 lb (465 g)warrantywarranty:limited 2 year",1.9695e2,aud
c2,baseline,1,"[""r7""]",,,shimano's top level 11-speed chain for road and mtb riders that want the best drivetrain performance possible.compatible with both dura-ace and xtr groupsets.includes 1 x quick-link for easy chain removal and installation.comes with 116 links.also suitable for use on e-bikes.,,aud
c20,baseline,57,"[""r192"", ""r193"", ""r194"", ""r195"", ""r196"", ""r197"", ""r216"", ""r217"", ""r218"", ""r219"", ""r220"", ""r221"", ""r306"", ""r307"", ""r308"", ""r309"", ""r310"", ""r311"", ""r324"", ""r325"", ""r326"", ""r327"", ""r328"", ""r329"", ""r606"", ""r607"", ""r608"", ""r609"", ""r610"", ""r611"", ""r984"", ""r985"", ""r986"", ""r987"", ""r988"", ""r989"", ""r1002"", ""r1003"", ""r1004"", ""r1005"", ""r1006"", ""r1007"", ""r1236"", ""r1237"", ""r1238"", ""r1239"", ""r1240"", ""r1241"", ""r1284"", ""r1285"", ""r1288"", ""r1289"", ""r1560"", ""r1562"", ""r1563"", ""r1564"", ""r1565""]","cisco catalyst 2960-plus | ws-c2960+24tc-l catalyst 2960 plus 24 port 10/100, 2x1g sfp/rj-45, lan base",cisco,highest quality cisco products,2995.01643,usd
c21,baseline,1,"[""r199""]",,,,,rub
c22,baseline,12,"[""r210"", ""r211"", ""r212"", ""r213"", ""r214"", ""r215"", ""r1566"", ""r1567"", ""r1568"", ""r1569"", ""r1570"", ""r1571""]","d'addario ej16 phosphor bronze acoustic guitar strings, light, 12-53",daddario,"ej17 is a medium phosphor bronze set that offers heavier gauges for increased volume and projection. the increased tension makes them ideal for drop or altered tunings as well. since d'addario introduced phosphor bronze guitar strings in 1974, they have been synonymous with warm and well-balanced acoustic tone.pioneered in 1974 and still revered today, phosphor bronze has become synonymous with warm, well-balanced acoustic tone. d'addario phosphor bronze strings are precision wound with corrosion-resistant phosphor bronze onto a carefully drawn, hexagonally shaped, high carbon steel core. the result is long-lasting, bright sounding tone with excellent intonation.gauges .013 .017 .026 .035 .045 .056features+mediumset+ideal for: all genresdetailssku:ej17",6.99,usd
c23,baseline,30,"[""r222"", ""r223"", ""r224"", ""r225"", ""r226"", ""r227"", ""r438"", ""r439"", ""r440"", ""r441"", ""r442"", ""r443"", ""r864"", ""r865"", ""r866"", ""r867"", ""r868"", ""r869"", ""r1632"", ""r1633"", ""r1634"", ""r1635"", ""r1636"", ""r1637"", ""r1752"", ""r1753"", ""r1754"", ""r1755"", ""r1756"", ""r1757""]",evans emad 2 clear batter bass drumhead 22 in.,evans,"evans ec2 clear series contains two plies of 7mil film for optimized attack, tone, length of sustain, and ease of tuning for each size head. this drumhead features sound shaping technology (sst) for a well-balanced sound, incorporated with evans level 360 technology for ease of tuning, extended pitch range and optimum quality of sound.product featurestreatment: clearply: 2technology: sstmade using two plies of 7mil film, which offer consistency and durability for longer playing timeexclusive sound shaping technology (sst) provides the ideal amount of dampening tailored for each individually sized drumheadunique translucent coating delivers additional warmth, focus, and depthexclusive evans level 360 technology collar design ensures proper contact between drumhead and drum shellall evans drumheads are designed, engineered, and manufactured in the usa",48.99,usd
c24,baseline,32,"[""r228"", ""r229"", ""r230"", ""r231"", ""r232"", ""r233"", ""r486"", ""r487"", ""r488"", ""r489"", ""r490"", ""r491"", ""r708"", ""r709"", ""r710"", ""r712"", ""r876"", ""r877"", ""r878"", ""r879"", ""r880"", ""r881"", ""r1086"", ""r1087"", ""r1088"", ""r1090"", ""r1091"", ""r1437"", ""r1596"", ""r1597"", ""r1598"", ""r1599""]",bx80677i37100 intel core i3 i3-7100 dual-core 2 core 3.90 ghz socket h4 lga-1151pack 512 kb 3 mb cache 64-bit processing 14 nm processor. new retail factory sealed with full manufacturer warranty.,intel,brandintelprocessors typedesktopseriescore i7 8th gennameintel core i7-8700kmodelbx80684i78700kdetailscpu socket typelga 1151 (300 series)core namecoffee lake# of cores6-core# of threads12operating frequency3.7 ghzmax turbo frequency4.7 ghzl3 cache12mbmanufacturing tech14nm64-bit supportyeshyper-threading supportyesmemory typesddr4-2666memory channel2virtualization technology supportyesintegrated graphicsintel uhd graphics 630graphics base frequency350 mhzgraphics max dynamic frequency1.2 ghzpci express revision3.0max number of pci express lanes16thermal design power95wcooling devicecooling device not included - processor only,32299.00,usd
c25,baseline,1,"[""r241""]",,,,,eur
c26,baseline,1,"[""r247""]",,,,,
c27,baseline,1,"[""r252""]",,,,,mxn
c28,baseline,1,"[""r263""]",250gbwd - black high-performance nvme pcie gen3 (wds250g3x0c),,,7418.00,
c29,baseline,53,"[""r264"", ""r265"", ""r266"", ""r267"", ""r268"", ""r269"", ""r474"", ""r475"", ""r476"", ""r477"", ""r478"", ""r479"", ""r552"", ""r553"", ""r554"", ""r555"", ""r556"", ""r557"", ""r912"", ""r913"", ""r914"", ""r915"", ""r916"", ""r917"", ""r972"", ""r973"", ""r974"", ""r975"", ""r976"", ""r977"", ""r1026"", ""r1027"", ""r1028"", ""r1029"", ""r1030"", ""r1031"", ""r1122"", ""r1123"", ""r1124"", ""r1125"", ""r1126"", ""r1127"", ""r1434"", ""r1435"", ""r1436"", ""r1438"", ""r1439"", ""r1704"", ""r1705"", ""r1706"", ""r1707"", ""r1708"", ""r1709""]",amd ryzen 5 3400g picasso 3.7ghz quad-core am4 boxed processor with wraith spire cooler,amd,"included:1 x ram long clamp arm c size 1.5\"" (ram-201u-d)theram-201u-dlong length (23cm) double socket arm features a socket at both endssuitable for c size (1.5\"") balls.inside the ram-201u-d arm, a single spring keeps the socket open, allowing you to insert the ball in to the socket connection. ram's socket technology allows for almost infinite adjustment to achieve the perfect viewing angle.specificationsmaterial:powder coated marine grade aluminumball size:1.5\"" rubber ball \""c\"" sizeoverall length: 9.125\"" (23.17cm)socket-to-socket length: 8\"" (20.32cm)weight:1.64 lbs.lifetime warrantynote:the \""u\"" in the part number reflects product packaged in poly bag.help",26.99,aud
c3,baseline,16,"[""r12"", ""r13"", ""r14"", ""r15"", ""r16"", ""r17"", ""r978"", ""r979"", ""r980"", ""r983"", ""r1740"", ""r1741"", ""r1742"", ""r1743"", ""r1744"", ""r1745""]",cm / coolermaster masterliquid ml120r argb cpu cooler (mlx-d12m-a20pc-r1)-wrty w/banleong,cooler master,"mastercase h500mchoose between the mesh front panel for optimized airflow or the glass option for a balance of aesthetics and performance with the included accessory. move air stylishly and quietly with two 200mm addressable rgb fans controlled by an included addressable rgb controller. edge-to-edge glass side panels on both sides, a glass top panel, and a glass front panel offer a clear and comprehensive system view. relieve the stress of weight and reinforce larger, longer graphics cards with an included adjustable graphics card support arm. the front panel is compatible with up to 360mm radiators, including support for 200mm sized radiators. the top bracket supports up to 360mm radiators along with 200mm fans. a dedicated water pump bracket offers mounting options directly atop the psu shroud.interchangeable front panels addressable rgb fans & controller four tempered glass panels adjustable graphics card support arm watercooling support covers for clean building rich connectivitytechnical specificationsproduct name mastercase h500mmodel mcm-h500m-ihnn-s00available color iron greymaterials outlook: steel mesh, glassbody: steelside panel: tempered glassdimensions (lxwxh) 544 x 248 x 546mm / 21.4 x 9.8 x 21.5 inchmotherboard support mini-itx, micro-atx, atx, e-atx (support upto 12\"" x 10.7\"")expansion slots 7 + 2 (support vertical graphics card installation)5.25\"" drive bays nocombo 3.5\"" / 2.5\"" drive bays 22.5\"" ssd drive bays 6i/o port usb 3.1 type-c x 1usb 3.0 type-a x 4audio in & out (supports hd audio)pre-installed fan(s) - front 200mm argb fan x 2 (speed: 800rpm / connector: 3pin + argb 3pin)pre-installed fan(s) - rear 140mm fan x 1 (speed: 1200rpm / connector: 3pin)fan support - top 120 fan x 3 or 140mm/200mm fan x 2fan support - front 120/140mm fan x 3 or 200mm fan x 2fan support - rear 120/140mm fan x 1liquid cooling support - top 120mm, 140mm, 240mm, 280mm, 360mm (maximum thickness clearance 43mm)liquid cooling support - front 120mm, 140mm, 200mm, 240mm, 280mm, 360mm (70mm clearance w/radiator lid & m.portremoved)liquid cooling support - rear 120mm, 140mmclearance - cpu cooler190mmclearance - graphics card 412mmclearance - power supply 200mmpower supply support bottom mount, atx ps2ean code 4719512072165upc code 884102044663.",128.00,gbp
c30,baseline,1,"[""r277""]",,,,,zar
c31,baseline,1,"[""r283""]",,,,,
c32,baseline,18,"[""r288"", ""r289"", ""r290"", ""r291"", ""r292"", ""r293"", ""r894"", ""r895"", ""r896"", ""r897"", ""r898"", ""r899"", ""r1416"", ""r1417"", ""r1418"", ""r1419"", ""r1420"", ""r1421""]",ernie ball 2225 extra slinky nickel wound electric guitar strings; 8-38,ernie ball,"untitled document power slinky electric guitar strings £15.95 = 3 full packs 11 - 48no. of strings6-string setgauge range11 - 48gauges11 , 14 , 18 , 28 , 38 , 48 . (plain 3rd)wrap materialnickel platedconstructionround woundhex core / round corehex coreball end / double ball endball endcoated / non-coatednon-coatedernie ball power slinky electric strings are a perfect match for those who like chunky rhythms for rock and roll or blues.power slinkys have long been favored by slash, metallica, & kenny wayne shepherd due to the thicker gauge combination providing a slightly more powerful tone. these strings are precision manufactured to the highest standards and most exacting specifications to ensure consistency, optimum performance, and long life. power slinky wound strings are made from nickel plated steel wire wrapped around a hex shaped steel core wire.the plain strings are made of specially tempered tin plated high carbon steel; producing a well balanced tone for your guitar.gauges .011 .014 .018p .028 .038 .048£15.95 = 3 full packswe accept the following payment types:- we use the following delivery methods: please note free delivery is to uk mainland only where applicable.all orders for isles or offshore will incur delivery charges at international rates.",4.99,usd
c33,baseline,1,"[""r331""]",,,"tp-link 24-port 10/100 switch 19\""-rack",,gbp
c34,baseline,1,"[""r332""]","switch rack tp-link/24ptos fast/save energy 40%/19""/tl-sf1024",,,1159.5,
c35,baseline,30,"[""r348"", ""r349"", ""r350"", ""r351"", ""r352"", ""r353"", ""r666"", ""r667"", ""r668"", ""r669"", ""r670"", ""r671"", ""r858"", ""r859"", ""r860"", ""r861"", ""r862"", ""r863"", ""r1110"", ""r1111"", ""r1112"", ""r1113"", ""r1114"", ""r1115"", ""r1290"", ""r1291"", ""r1292"", ""r1293"", ""r1294"", ""r1295""]",fujifilm xf 56mm f/1.2 r prime lens (r2500 cashback with fujifilm),fujifilm,"the fujifilm instax square film boasts of high-quality professional instant photograph technology in a square format. it is compatible with any instax square camera or printer including instax sq6, sq20 and share sp-3.pack contains 20 sheetsguarantees accurate colour and sharpnessideal for scrapbooks or photo albumslong lasting sheet",449.95,eur
c36,baseline,18,"[""r366"", ""r367"", ""r368"", ""r369"", ""r370"", ""r371"", ""r924"", ""r925"", ""r926"", ""r927"", ""r928"", ""r929"", ""r1782"", ""r1783"", ""r1784"", ""r1785"", ""r1786"", ""r1787""]",tissot seastar watch 1000 automatic black rubber blue dial t120.407.17.041.00,tissot,"the tissot seastar 1000 merges style and performance without compromising either. the diving inspiration shapes both the appearance and the functionality of this watch. it maintains its performance to a pressure of 30 bar (300m/1'000ft), combining underwater sports and a preference for a sophisticated swiss timepiece. the diving theme continues through elements such as a unidirectional bezel, a strap with a divers' safety buckle, plus luminescent hands and markings.additional information:collection: t-sportcase material: stainless steelcrystal: sapphiremovement:swiss quartzcase size: 45.5 mmdial: blackanti-clockwise rotating bezel, ceramic bezel ring, screw-down crown and case back, see-through case backwater resistance: 30 bar (300 m) / (100 ft)model:eta g10.212caliber:13 1/4'''strap color: greybuckle type:folding clasp with safety and diver extensionstrap type: stainless steelstrap reference:t6050426012 year international warranty","2,550.00",eur
c37,baseline,2,"[""r372"", ""r373""]",,,,,gbp
c38,baseline,1,"[""r374""]","1tb red wd10jfcx, 5400 rpm, sata 6gb/s, 16mb cache, 2.5-inch hdd",,,82.31,
c39,baseline,1,"[""r375""]",,,,,pln
c4,baseline,150,"[""r18"", ""r19"", ""r20"", ""r21"", ""r22"", ""r23"", ""r96"", ""r97"", ""r98"", ""r99"", ""r100"", ""r101"", ""r150"", ""r151"", ""r152"", ""r153"", ""r154"", ""r155"", ""r246"", ""r248"", ""r249"", ""r250"", ""r251"", ""r276"", ""r278"", ""r279"", ""r280"", ""r281"", ""r504"", ""r505"", ""r506"", ""r507"", ""r508"", ""r509"", ""r612"", ""r613"", ""r614"", ""r615"", ""r617"", ""r618"", ""r619"", ""r620"", ""r621"", ""r622"", ""r623"", ""r672"", ""r673"", ""r674"", ""r675"", ""r676"", ""r677"", ""r792"", ""r793"", ""r794"", ""r795"", ""r796"", ""r797"", ""r810"", ""r811"", ""r812"", ""r813"", ""r815"", ""r828"", ""r829"", ""r830"", ""r831"", ""r832"", ""r833"", ""r870"", ""r871"", ""r872"", ""r873"", ""r874"", ""r875"", ""r882"", ""r883"", ""r884"", ""r885"", ""r886"", ""r887"", ""r1182"", ""r1183"", ""r1184"", ""r1185"", ""r1186"", ""r1187"", ""r1230"", ""r1231"", ""r1232"", ""r1233"", ""r1234"", ""r1235"", ""r1278"", ""r1279"", ""r1280"", ""r1281"", ""r1282"", ""r1283"", ""r1338"", ""r1339"", ""r1340"", ""r1341"", ""r1342"", ""r1343"", ""r1386"", ""r1387"", ""r1388"", ""r1389"", ""r1390"", ""r1391"", ""r1440"", ""r1441"", ""r1442"", ""r1443"", ""r1444"", ""r1445"", ""r1452"", ""r1453"", ""r1454"", ""r1455"", ""r1456"", ""r1457"", ""r1602"", ""r1603"", ""r1604"", ""r1605"", ""r1606"", ""r1607"", ""r1614"", ""r1615"", ""r1616"", ""r1618"", ""r1619"", ""r1638"", ""r1639"", ""r1640"", ""r1641"", ""r1642"", ""r1643"", ""r1674"", ""r1676"", ""r1677"", ""r1678"", ""r1679"", ""r1764"", ""r1765"", ""r1766"", ""r1767"", ""r1768"", ""r1769""]",asus graphics card dual rtx 2060 oc evo 6gb ddr6 2x hdmi 1x dvi-d 1 x display port 2 x fan max display support:4 500w 3 year carry in warranty,asus,warranty : 3 years with local distributor - avertek,"€1.229,00",eur
c40,baseline,1,"[""r376""]",,,,,eur
c41,baseline,29,"[""r384"", ""r385"", ""r386"", ""r387"", ""r388"", ""r389"", ""r690"", ""r691"", ""r692"", ""r693"", ""r694"", ""r695"", ""r1032"", ""r1033"", ""r1034"", ""r1035"", ""r1036"", ""r1037"", ""r1104"", ""r1105"", ""r1106"", ""r1107"", ""r1108"", ""r1109"", ""r1170"", ""r1171"", ""r1172"", ""r1173"", ""r1174""]",genuine dymo black on white d1 12mm x 5.5m polyester tape cartridge (dymo 16959 permanent tape),,s0720680 dymo,49.00,eur
c42,baseline,1,"[""r395""]","apple airpods pro, kopfhrer - eu",,,,
c43,baseline,23,"[""r420"", ""r421"", ""r422"", ""r423"", ""r424"", ""r425"", ""r654"", ""r655"", ""r656"", ""r657"", ""r658"", ""r659"", ""r786"", ""r787"", ""r788"", ""r790"", ""r791"", ""r1554"", ""r1555"", ""r1556"", ""r1557"", ""r1558"", ""r1559""]","maxxis maxxis, assegai, tire, 27.5''x2.50, folding, tubeless ready, 3c maxx terra, exo+, wide trail, 120tpi, black",maxxis,"- compatible with ebike 27.5\"" for enduro use - new exo + casing (exo plus), born from the union between silkshield and exo, which offers total heel-to-heel protection, against cuts and punctures - high excellent anchors on any soil, dusty or on roots and wet rocks - compound: 3c maxx terra, three different compounds, with long durability on the center and two progressively softer compounds on the shoulders for superlative hold and stability - suitable for both front and rear tires - etrto: 63-584 - 120tpi - size 27.5\"" x 2.50\"" - foldable - tubeless ready - weight: 1050 grams tyres, mtb 27.5, price € 42,50eur maxxis code tb00172400 4717784037837",80.00,usd
c44,baseline,1,"[""r428""]","epson (t1285) multipack róka (t1281,t1282,t1283,t1284) c13t12854010",,,15999,
c45,baseline,1,"[""r431""]",epson t1285 multipack standard capacity patronok (eredeti),,,16257,
c46,baseline,1,"[""r447""]",,,,,gbp
c47,baseline,5,"[""r450"", ""r451"", ""r452"", ""r453"", ""r454""]",apc schneider replacement batt cartridge no.133,,"tested and approved to restore the performance of your apc ups. it maintains ups safety certifications (ul, vde, and csa) and lifetime equipment protection policy (as applicable). it designed by apc by schneider electric exclusively for apc ups's for complete compatibility with the intelligent battery management system.",415.00,usd
c48,baseline,1,"[""r455""]",apc apcrbc133 sealed lead acid (vrla),,,0.0,
c49,baseline,1,"[""r464""]","epson t7012 patron cyan 3,4k (eredeti)",,,14291,
c5,baseline,310,"[""r24"", ""r25"", ""r26"", ""r27"", ""r28"", ""r29"", ""r48"", ""r49"", ""r50"", ""r51"", ""r52"", ""r53"", ""r78"", ""r79"", ""r80"", ""r81"", ""r82"", ""r83"", ""r90"", ""r91"", ""r92"", ""r93"", ""r94"", ""r95"", ""r114"", ""r116"", ""r117"", ""r118"", ""r120"", ""r121"", ""r122"", ""r123"", ""r124"", ""r125"", ""r156"", ""r157"", ""r158"", ""r159"", ""r160"", ""r161"", ""r168"", ""r169"", ""r170"", ""r171"", ""r172"", ""r173"", ""r186"", ""r187"", ""r188"", ""r189"", ""r190"", ""r191"", ""r204"", ""r205"", ""r206"", ""r207"", ""r208"", ""r209"", ""r234"", ""r235"", ""r236"", ""r237"", ""r238"", ""r239"", ""r258"", ""r259"", ""r260"", ""r261"", ""r262"", ""r282"", ""r284"", ""r285"", ""r286"", ""r287"", ""r342"", ""r343"", ""r344"", ""r345"", ""r346"", ""r347"", ""r377"", ""r402"", ""r403"", ""r404"", ""r405"", ""r406"", ""r407"", ""r414"", ""r415"", ""r416"", ""r417"", ""r418"", ""r419"", ""r444"", ""r445"", ""r446"", ""r448"", ""r449"", ""r510"", ""r511"", ""r512"", ""r513"", ""r514"", ""r515"", ""r528"", ""r529"", ""r530"", ""r531"", ""r532"", ""r533"", ""r534"", ""r535"", ""r536"", ""r537"", ""r538"", ""r546"", ""r547"", ""r548"", ""r549"", ""r550"", ""r551"", ""r564"", ""r565"", ""r566"", ""r567"", ""r568"", ""r569"", ""r744"", ""r745"", ""r746"", ""r747"", ""r748"", ""r749"", ""r774"", ""r775"", ""r776"", ""r777"", ""r778"", ""r779"", ""r780"", ""r781"", ""r782"", ""r783"", ""r784"", ""r785"", ""r804"", ""r805"", ""r806"", ""r807"", ""r808"", ""r809"", ""r816"", ""r817"", ""r818"", ""r819"", ""r820"", ""r821"", ""r841"", ""r844"", ""r845"", ""r966"", ""r967"", ""r968"", ""r969"", ""r970"", ""r971"", ""r1014"", ""r1015"", ""r1016"", ""r1017"", ""r1018"", ""r1019"", ""r1039"", ""r1040"", ""r1041"", ""r1042"", ""r1043"", ""r1070"", ""r1071"", ""r1072"", ""r1073"", ""r1146"", ""r1147"", ""r1148"", ""r1149"", ""r1150"", ""r1151"", ""r1194"", ""r1195"", ""r1196"", ""r1197"", ""r1198"", ""r1199"", ""r1212"", ""r1213"", ""r1214"", ""r1215"", ""r1216"", ""r1217"", ""r1248"", ""r1249"", ""r1250"", ""r1251"", ""r1252"", ""r1253"", ""r1260"", ""r1261"", ""r1262"", ""r1264"", ""r1265"", ""r1266"", ""r1267"", ""r1268"", ""r1269"", ""r1270"", ""r1271"", ""r1344"", ""r1345"", ""r1346"", ""r1347"", ""r1348"", ""r1349"", ""r1350"", ""r1351"", ""r1352"", ""r1353"", ""r1354"", ""r1355"", ""r1398"", ""r1399"", ""r1400"", ""r1401"", ""r1402"", ""r1403"", ""r1410"", ""r1411"", ""r1412"", ""r1413"", ""r1414"", ""r1415"", ""r1464"", ""r1465"", ""r1467"", ""r1468"", ""r1469"", ""r1476"", ""r1477"", ""r1478"", ""r1479"", ""r1480"", ""r1481"", ""r1486"", ""r1494"", ""r1495"", ""r1496"", ""r1497"", ""r1498"", ""r1499"", ""r1530"", ""r1531"", ""r1532"", ""r1533"", ""r1534"", ""r1535"", ""r1542"", ""r1543"", ""r1544"", ""r1545"", ""r1546"", ""r1547"", ""r1548"", ""r1549"", ""r1550"", ""r1551"", ""r1552"", ""r1553"", ""r1578"", ""r1579"", ""r1580"", ""r1581"", ""r1582"", ""r1583"", ""r1626"", ""r1627"", ""r1628"", ""r1629"", ""r1630"", ""r1631"", ""r1662"", ""r1663"", ""r1664"", ""r1665"", ""r1666"", ""r1667"", ""r1668"", ""r1669"", ""r1670"", ""r1671"", ""r1672"", ""r1673"", ""r1692"", ""r1694"", ""r1696"", ""r1697"", ""r1794"", ""r1795"", ""r1796"", ""r1797"", ""r1798"", ""r1799""]","corsair carbide 175r rgb black mid tower atx case, tempered glass side window, no psu, 2x usb 3.0, hd audio, 1x 120mm fan included",kingston,"quantum processor 4kthe onboard processor helps optimize the picture to deliver a more immersive experience.4k ai upscalingthis technology analyzes the input source to reduce image noise, restore lost detail, and add definition to the edges around objects and text.adaptive picturewhether in a sunlit living room or a darkened den, adaptive picture technology optimizes the tv by analyzing the picture and the room's lighting conditions for augmented images, wherever and wherever you watch.dual led backlighting technologythis technology uses a system of dedicated warm and cool led backlights to adjust the contrast and color tone, allowing you to watch your movies and tv shows the way they were meant to be seen.active voice amplifieractive voice amplifier technology is designed to analyze the ambient noise in your home and enhance the voices in the scene to help you hear dialogue clearly.quantum hdr with hdr10+quantum hdr is designed to bring out detail and contrast by expanding the range of color and detail beyond what's possible on non-hdr tvs. the dynamic tone mapping of hdr10+ creates deeper blacks and more vibrant imagery with compatible content and source devices.100% color volume with quantum dotwith 100% color volume (in the dci-p3 color space), the q70t is engineered to provide lifelike images without washing out at any brightness level.real game enhancer+with this technology, extra motion clarity automatically reduces halo and blur in fast-moving game scenes, and amd freesync helps reduce tearing and stuttering.boundless designthe thin bezel and minimalist design of the tv helps draw you into your content.ambient mode+this mode is designed to allow the tv to mimic the wall behind it and display décor, artwork, weather reports, the day's headlines, and more.oneremote for your connected devicesthe included oneremote can automatically detect and control all compatible connected devices and content.universal guidethe universal guide brings your favorite content from multiple compatible devices and apps together in one easy-to-browse menu. it recommends popular shows and can make custom recommendations tailored just for you.multi viewthis feature splits your tv screen in two, putting the content you're watching on one side while mirroring your compatible mobile device on the other, allowing you to watch workout videos, check sports stats, and more while watching your favorite show or game.choose your voice assistantwith both bixby and amazon alexa built-in, you can access your favorite content, get answers, and control the tv and other compatible connected devices around your home with just your voice.smartthings compatibilitythe q70t tv works with smartthings to put you in control of your compatible smart home devices. it links with iot devices and sensors, enabling you to turn on the lights, check what's inside your refrigerator, and run the robot vacuum cleaner from the comfort of your couch.motion rate 240this image enhancement technology helps minimize motion blur on the screen, so your action-packed movies and sports stay smooth.wide viewing anglethe tv is designed to reduce glare and enhance color, providing vibrant images from nearly any viewing angle.tv plustv plus lets you enjoy your favorite content through virtual channels.hdmi connectivityenjoy high-resolution audio and video with an hdmi connection that transmits both over a single cable. the onboard hdmi ports support 4k uhd and hdr content decoding, and one input is earc-compatible.integrated wi-fi 5enjoy your favorite on-demand content wirelessly via your existing network.dolby digital plusthis audio technology helps optimize your entertainment experience with enhanced sound richness and clarity.additional featuresmeets the cta hdr-compatible definitionhdmi 2.1 (hdmi input 4)supreme uhd dimmingdolby audiomultiroom linkwi-fi directsmart hubfull web browserdigital clean viewauto channel searchauto motion plusconnectshare for usb multimedia playbackembedded popinstaport s (hdmi quick switch)anynet+ hdmi cecclosed captioningelectronic program guidev-chipusb hid supporteco sensorauto power offtv to mobile device and mobile device to tv mirroring via dlnaanalog tunermini wall mount compatibilityrs232 control (ex-link)ip control support with optional third-party softwaree-manual",134.99,eur
c50,baseline,36,"[""r480"", ""r481"", ""r482"", ""r483"", ""r484"", ""r485"", ""r1134"", ""r1135"", ""r1136"", ""r1137"", ""r1138"", ""r1139"", ""r1308"", ""r1309"", ""r1310"", ""r1311"", ""r1312"", ""r1313"", ""r1314"", ""r1315"", ""r1316"", ""r1317"", ""r1318"", ""r1319"", ""r1356"", ""r1357"", ""r1358"", ""r1359"", ""r1360"", ""r1361"", ""r1590"", ""r1591"", ""r1592"", ""r1593"", ""r1594"", ""r1595""]",šiltovka new era nfl new orleans saints 9fifty cap,new era,"new era10531939new eranew york yankees league basic 9forty marine blanc- casquettes en coton, coloris marine et blanc",3.99e1,eur
c51,baseline,12,"[""r522"", ""r523"", ""r524"", ""r525"", ""r526"", ""r527"", ""r1644"", ""r1645"", ""r1646"", ""r1647"", ""r1648"", ""r1649""]",audio-technica ath-m50x professional monitor closed over-ear headphones - black,audio technica,"the m-series ath-m40x professional monitor headphones are tuned flat for incredibly accurate audio monitoring across an extended frequency range. your studio experience is enhanced with superior sound isolation and swiveling earcups for convenient one-ear monitoring. engineered with pro-grade materials and robust construction, the m40x excels in professional studio tracking and mixing, as well as dj monitoring.critically acclaimed m-series professional monitor headphones deliver accurate audio and outstanding comfort, perfect for long sessions in the studio and on the go. contoured earcups seal tight for excellent sound isolation, with minimal bleed. and the pro-grade materials are durable, yet comfortable. find out why online reviewers, top a",228.99,eur
c52,baseline,1,"[""r539""]",pen drive 3.0 16gb dtig4 kingston bianca/blu,,,7.41,
c53,baseline,12,"[""r558"", ""r559"", ""r560"", ""r561"", ""r562"", ""r563"", ""r1446"", ""r1447"", ""r1448"", ""r1449"", ""r1450"", ""r1451""]",razer viper ambidextrous wired gaming mouse (rz01-02550100-r3m1) (warranty 2years with local distributor banleong),razer,"razer viper ambidextrous gaming mouse control the outcome of any battle with a gaming mouse that combines high precision, a cutting-edge lightweight body, and the fastest actuation in gaming. meet the razer viper—featuring industry-leading mice technology that’s designed with and tested by team razer athletes, bringing you a mouse that’s bred to tear up the pro scene. every click you make actuates at the speed of light. the razer™ optical mouse switch utilizes an infrared light beam to register a click, resulting in an industry-leading response time of 0.2 milliseconds. its instant actuation eliminates debounce and unintended clicks, giving you complete control in execution. engineered with 99.4% tracking accuracy and up to 16,000 dpi, the razer 5g optical sensor offers deadly precision. when combined with your physical dexterity and skill, the razer viper represents a mouse that achieves a true extension of yourself in the game. during competition, even the tiniest advantage can make a difference. the razer viper weighs in at just 69g without any compromise on its build strength. a lighter mouse allows swifter, more controlled swipes, augmenting the speed of your reaction in battle. in our pursuit of giving you every ounce of competitive edge, we’ve designed a mouse cable that enables smoother swipes. the razer viper features the highly flexible razer™ speedflex cable, bringing you unhindered control with minimal drag.onboard dpi storage uderside dpi button 8 programmable buttonstech specsup to 450 inches per second (ips) / 50 g acceleration 1000 hz ultrapolling razer™ optical mouse switches with 70 million clicks life cycle razer™ speedflex cable gaming-grade tactile scroll wheel 69g lightweight ambidextrous design razer chroma™ lighting with 16.8 million customizable color options eight independently programmable hyperesponse buttons onboard dpi storage (up to 5 dpi stages) razer synapse 3 enabled approximate size: 126.73 mm / 4.99 in (length) x 66.2 mm / 2.61 in (width) x 37.81 mm / 1.49 in (height) approximate weight (excluding cable): 69 g / 0.15 lbs cable length: 2.1 m / 6.89 ftmore info: https://www.razer.com/eu-en/gaming-mice/razer-viper.",118.00,gbp
c54,baseline,1,"[""r578""]","card memorie sandisk 32 gb, extreme, viteza de citire; pana la 100 mb/s,adaptor sd inclus",,,58.82,
c55,baseline,1,"[""r579""]",,,,,dkk
c56,baseline,6,"[""r588"", ""r589"", ""r590"", ""r591"", ""r592"", ""r593""]",3m - privacy filter for 13inch apple macbook pro 2016 model,,3m privacy filter apple macbook pfnap007 filter macbook pro 13 accs (7100115681) - type: skjermbeskyttelse,647.50,nok
c57,baseline,6,"[""r594"", ""r595"", ""r596"", ""r597"", ""r598"", ""r599""]",telefono movil smartphone xiaomi redmi note 8t grey - 6.3pulgadas - 64gb rom - 4gb ram - 48+8+2+2,,"buy redmi note 8t global version 4gb ram 64gb rom snapdragon 665 octa core 2.0ghz max, 6.3 inch full hd, 4000 mah, shipping from eu warehouse, fast delivery",188.0219,eur
c58,baseline,17,"[""r600"", ""r601"", ""r602"", ""r603"", ""r604"", ""r605"", ""r757"", ""r758"", ""r759"", ""r760"", ""r761"", ""r846"", ""r847"", ""r848"", ""r849"", ""r850"", ""r851""]",tag heuer horloge formula 1 43mm chronograph caz1010.ft8024,tag heuer,"caz1010.ft8024new tag heuer formula 1 one f1 men's sport watchusually ships within 3 months | view in stock tag heuer watches- free overnight shipping - no sales tax (outside california) - with manufacturer serial numbers - swiss made - black dial - arabic numeral 12 & index hour markers - black titanium carbide coated steel bezel - date feature - chronograph feature large red tipped central chronograph second hand 30 minute counter sub-dial at 9 o'clock 1/10th of a second counter sub-dial at 6 o'clock- small seconds sub-dial at 3 o'clock- tachymeter scale feature - end of life indicator (eol) - battery operated quartz movement - 3 year warranty - guaranteed authentic - certificate of authenticity - manufacturer box & manual - brushed stainless steel case - black rubber strap - scratch resistant sapphire crystal - 200 meters / 660 feet water-resistant - 43mm = 1 5/8\"" case, 7\"" adjustable strap - case thickness: 11.5mm - inlet size: 21mm - fixed bezel - solid case back - luminescent hands & hour markers - black titanium carbide coated steel screw down crown - stainless steel tang buckle - free lifetime battery replacement also known as model # caz1010ft8024 / caz1010 ft8024",1300.00,gbp
c59,baseline,1,"[""r616""]",,,,,pln
c6,baseline,1,"[""r36""]",,,,,eur
c60,baseline,1,"[""r635""]","sram kassette pg-730 mtb;12-32 zhne, verchromt;12-14-16-18-21-26-32 zhne",,,14.99,
c61,baseline,2,"[""r637"", ""r638""]",epson 29 (t2982) inktcartridge cyaan,,"2678epson strawberry singlepack cyan 29 claria home ink, origineel, cyaan, epson, - expression home xp-455 - expression home xp-452 - expression home xp-445 - expression home..., 1 stuk(s), inkjetprinten, epson, c13t29824012",8.3e0,eur
c62,baseline,1,"[""r640""]",,,singlepack cyan 29 claria home ink,,eur
c63,baseline,1,"[""r641""]",epson strawberry 29 (prentar 175 síður) claria home blekhylki (blátt),,,2055,
c64,baseline,1,"[""r662""]",ink jet originale magenta per epson c13t70334010 - wp-4515dn / wp-4525dnf / wp-4535dwf / wp-4545dtwf / wp-4015dn,,,,
c65,baseline,21,"[""r684"", ""r685"", ""r686"", ""r688"", ""r689"", ""r698"", ""r699"", ""r1188"", ""r1189"", ""r1190"", ""r1191"", ""r1192"", ""r1193"", ""r1710"", ""r1711"", ""r1712"", ""r1713"", ""r1714"", ""r1715"", ""r1749"", ""r1751""]","apc smart-ups smt1000ic noodstroomvoeding - 8x c13, usb, smartconnect, 1000va",apc,"apc smart-ups smt1000rmi2uc noodstroomvoeding - 4x c13, usb, rack mountable, smartconnect, 1000va, line-interactive, 1000 va, 700 w, sinus, 151 v, 302 v",2617.9048,sek
c66,baseline,1,"[""r687""]",,,,,aud
c67,baseline,1,"[""r696""]",,,,,eur
c68,baseline,1,"[""r697""]",,,apc smart-ups 5000va 230v 5u rackmount/towerpower capacity: 4000 watts / 5000 vainput voltage: 230vinput frequency: 50/60 hz +/- 3 hz (auto sensing),,
c69,baseline,1,"[""r700""]",,,"intelligent and efficient network power protection from entry level to scaleable runtime. ideal ups for servers, point-of-sale, routers, switches, hubs and other ...",,aud
c7,baseline,224,"[""r37"", ""r38"", ""r39"", ""r40"", ""r41"", ""r126"", ""r127"", ""r128"", ""r129"", ""r130"", ""r131"", ""r162"", ""r163"", ""r164"", ""r165"", ""r166"", ""r167"", ""r198"", ""r200"", ""r201"", ""r202"", ""r203"", ""r312"", ""r313"", ""r314"", ""r315"", ""r316"", ""r317"", ""r336"", ""r337"", ""r338"", ""r339"", ""r340"", ""r341"", ""r360"", ""r361"", ""r362"", ""r363"", ""r364"", ""r365"", ""r378"", ""r379"", ""r380"", ""r381"", ""r382"", ""r383"", ""r396"", ""r397"", ""r398"", ""r399"", ""r400"", ""r401"", ""r426"", ""r427"", ""r429"", ""r430"", ""r456"", ""r457"", ""r458"", ""r459"", ""r460"", ""r461"", ""r462"", ""r463"", ""r465"", ""r466"", ""r467"", ""r624"", ""r625"", ""r626"", ""r627"", ""r628"", ""r629"", ""r636"", ""r639"", ""r660"", ""r661"", ""r663"", ""r664"", ""r665"", ""r702"", ""r703"", ""r704"", ""r705"", ""r706"", ""r707"", ""r888"", ""r889"", ""r890"", ""r891"", ""r892"", ""r893"", ""r907"", ""r908"", ""r909"", ""r910"", ""r911"", ""r919"", ""r920"", ""r921"", ""r922"", ""r923"", ""r930"", ""r931"", ""r932"", ""r933"", ""r934"", ""r935"", ""r942"", ""r943"", ""r944"", ""r945"", ""r946"", ""r947"", ""r954"", ""r955"", ""r957"", ""r958"", ""r959"", ""r1020"", ""r1021"", ""r1022"", ""r1023"", ""r1024"", ""r1025"", ""r1050"", ""r1051"", ""r1052"", ""r1053"", ""r1054"", ""r1055"", ""r1074"", ""r1075"", ""r1076"", ""r1077"", ""r1078"", ""r1079"", ""r1080"", ""r1081"", ""r1082"", ""r1083"", ""r1084"", ""r1085"", ""r1140"", ""r1141"", ""r1142"", ""r1143"", ""r1144"", ""r1145"", ""r1164"", ""r1165"", ""r1166"", ""r1168"", ""r1169"", ""r1200"", ""r1201"", ""r1203"", ""r1204"", ""r1205"", ""r1218"", ""r1219"", ""r1220"", ""r1221"", ""r1223"", ""r1224"", ""r1225"", ""r1226"", ""r1227"", ""r1228"", ""r1229"", ""r1242"", ""r1243"", ""r1244"", ""r1245"", ""r1246"", ""r1247"", ""r1431"", ""r1432"", ""r1433"", ""r1512"", ""r1513"", ""r1514"", ""r1515"", ""r1516"", ""r1517"", ""r1518"", ""r1519"", ""r1522"", ""r1536"", ""r1537"", ""r1538"", ""r1539"", ""r1540"", ""r1541"", ""r1584"", ""r1585"", ""r1586"", ""r1587"", ""r1588"", ""r1589"", ""r1650"", ""r1651"", ""r1652"", ""r1653"", ""r1654"", ""r1655"", ""r1656"", ""r1657"", ""r1658"", ""r1659"", ""r1660"", ""r1661"", ""r1716"", ""r1717"", ""r1718"", ""r1719"", ""r1720"", ""r1721"", ""r1728"", ""r1729"", ""r1730"", ""r1731"", ""r1732"", ""r1733""]",brother mfc-l2710dw compact laser all-in-one with duplex printing with wireless networking - copier/fax/printer/scanner - 32 ppm mono print - 2400 x 600 dpi print - automatic duplex print - 1200 dpi optical scan - 250 sheets input - ethernet - wirele,epson,telephoto zoom lens for sony e-mount mirrorless cameras,281.18,eur
c70,baseline,1,"[""r701""]","apc smart-ups 5000va/4000w, 230v, tower/5u, line-interactive, hs repl. batt., smartslot, com (sua5000rmi5u)",,,280320,
c71,baseline,1,"[""r711""]",,,,,eur
c72,baseline,1,"[""r713""]",intel i9 9900 3.1ghz 8 core cpu | discount computer needs,,,718.95,
c73,baseline,6,"[""r714"", ""r715"", ""r716"", ""r717"", ""r718"", ""r719""]",the pokemon company pokemon tcg: sword & shield - rebel clash booster pack,nintendo,"rock out with new pokémon! crank it loud and blast the beat—you’ll find rebellion, chaos, and punk attitude galore in the pokémon tcg: sword & shield—rebel clash expansion, loaded with pokémon v including toxtricity v, dubwool v, boltund v, sandaconda v, and more! you’ll also find a handful of pokémon vmax, including the final evolutions of all three first partners, plus copperajah vmax and dragapult vmax. take to the stage and the streets with the sword & shield—rebel clash expansion!",4.00,usd
c74,baseline,6,"[""r726"", ""r727"", ""r728"", ""r729"", ""r730"", ""r731""]",daniel wellingtondw00100150 classic cornwall watch,,"with its distinctive dial and all-black nato strap, the classic black cornwall is a true eye-catcher that embodies the timeless and elegant characteristics of our flagship classic collection. with a sleek design and a captivating essence, this is a modern classic made for every occasion.",89.76,sgd
c75,baseline,29,"[""r738"", ""r739"", ""r740"", ""r741"", ""r742"", ""r743"", ""r834"", ""r835"", ""r836"", ""r837"", ""r838"", ""r839"", ""r1404"", ""r1405"", ""r1406"", ""r1408"", ""r1409"", ""r1506"", ""r1507"", ""r1508"", ""r1509"", ""r1510"", ""r1511"", ""r1734"", ""r1735"", ""r1736"", ""r1737"", ""r1738"", ""r1739""]",manfrotto mvk500am video kit with mvh500a head mvt502am tripod and bag,manfrotto,"manfrotto tripod with fluid video head lightweight with side lock\""product descriptionfast set-up, easy handling and beautiful shots guaranteed. the fluid video system, lightweight with side lock is the ultimate video system for any professional. designed to make even the trickiest job a cinch, this clever tripod with fluid video head has everything you need to work to the highest standard, even when you’re under pressure. and it’s super easy to transport. its smart design includes a side lock feature, enabling you to slot your camera in from the top, rather than the back. this frees you up to get to work fast, and keeps your gear absolutely secure, so there’s no need for a secondary lock.fluid cartridges on both pan and tilt axis give you incredibly smooth movements, so jerking from one angle to the next is a thing of the past. plus, this nifty tripod with fluid video head works with even awkward interchangeable lens cameras, and supports wider hdslr bodies. it has a pre-set counterbalance of up to 2.4kg, but can support up to 5kg, giving you all the strength you need in a photo head. not only that, it comes complete with its very own carry case, so you can pack things away in a jiffy at the end of the day.\""featurescompact, lightweight and portable tripod with fluid video headsmooth movement thanks to fluid headside lock allows for fast, easy set upsuits the latest interchangeable lens camerasstable and adjustable tripod even for rough groundspecificationsweight3.56 kgtop attachment1/4? screw, 3/8? screwball flat60 ballsafety payload weight5 kgcounterbalance systemfixed",5.189995999999999e2,eur
c76,baseline,6,"[""r750"", ""r751"", ""r752"", ""r753"", ""r754"", ""r755""]",pokemon tcg: darkness ablaze - elite trainer box,,"get ready to make your opponents feel the burn by heating up your pokémon trading card game collection with the sword & shield—darkness ablaze elite trainer box. this box is packed with all sorts of things to enhance your deck and properly maintain your cards. to start with, there are eight pokémon tcg: sword & shield—darkness ablaze booster packs and 65 card sleeves featuring the legendary pokémon eternatus to keep your deck in tip-top shape. you'll also get 45 energy cards so your pokémon can use their moves in battle. useful accessories like dice and acrylic condition markers enhance your gameplay experience, and it all comes packed in a sturdy collector's box. the pokémon tcg: sword & shield—darkness ablaze elite trainer box is a great way to dive into this new expansion!the pokémon tcg: sword & shield—darkness ablaze elite trainer box includes:8 pokémon tcg: sword & shield—darkness ablaze booster packs65 card sleeves featuring eternatus45 pokémon tcg energy cardsa player's guide to the sword & shield—darkness ablaze expansiona pokémon tcg rulebook6 damage-counter dice1 competition-legal coin-flip die2 acrylic condition markersa collector's box to hold everything, with 4 dividers to keep it organizeda code card for the pokémon trading card game online",139.00,gbp
c77,baseline,1,"[""r756""]",,,,,eur
c78,baseline,12,"[""r762"", ""r763"", ""r764"", ""r765"", ""r766"", ""r767"", ""r936"", ""r937"", ""r938"", ""r939"", ""r940"", ""r941""]",osram cfl square 16w/835 4-pin gr10q lumilux white 816876,,"ledvance cfl square 16 w/835 gr10q, ean: 4050300816876",9.15,eur
c79,baseline,5,"[""r768"", ""r769"", ""r770"", ""r772"", ""r773""]","iiyama prolite xu2390hs-b1 23"" led ips monitor",iiyama,"23â€ monitor with ips panel and ultra flat frontprolite xu2390hs is a 23â€ led backlit lcd screen featuring ips panel technology which is considered to be the best all round panel type. it offers accurate and consistent colour reproduction with wide viewing angles (178â°/178â°) and fast response time (5 ms black-to-black). xu2380hs is full hd, has a >5mln:1 advanced contrast ratio and 250 cd/mâ² brightness offering the user a clear and vivid image. the prolite xu2390hs will provide excellent performance for photographic design, web design, standard office use and in multi-monitor environment. very suitable for multi-monitor digtal signage and office applications.ipsthe ips panel technology guarantees consistent colour reproduction with wide viewing angles and high contrast and therefore it is especially recommended for graphics design and other applications which require colours to be displayed accurately. the response time of the panel allows for smooth playback while watching films and playing games, making the ips the best all-round technology suitable for both business and home use.full hdwith true 1920 x 1080p resolution your monitor is ready to display high definition images. this means you can accommodate more information on your screen; e.g. 60% more in comparison to a 1280 x 1024 monitor.led-backlita typical ccfl lcd uses four backlight lamps. using led diodes considerably lowers the power consumption and reduces the co2 emission into the environment making this lcd a true eco-friendly product.acrcontrast ratio is a measurement of the difference between the darkest black and the brightest white your monitor can display. advanced contrast ratio is a feature that automatically adjusts contrast and brightness of the screen to assure perfect picture quality while watching films and playing games.hdmihdmi stands for high-definition multimedia interface. much smaller and more convenient than dvi, hdmi also has the significant advantage over dvi that it supports audio as well as video signals.overdrive on / offwhen very fast graphics are displayed your monitor can sometimes get blurry. turning on the overdrive feature will eliminate that.",109.84,gbp
c8,baseline,36,"[""r42"", ""r43"", ""r44"", ""r45"", ""r46"", ""r47"", ""r318"", ""r319"", ""r320"", ""r321"", ""r322"", ""r323"", ""r498"", ""r499"", ""r500"", ""r501"", ""r502"", ""r503"", ""r648"", ""r649"", ""r650"", ""r651"", ""r652"", ""r653"", ""r990"", ""r991"", ""r992"", ""r993"", ""r994"", ""r995"", ""r1152"", ""r1153"", ""r1154"", ""r1155"", ""r1156"", ""r1157""]","jabra biz„˘ 2400 ii duonext generation - ip wideband-headset (qd) type: 82 e-std, noice-cancelling microphone boom: freespin",jabra,"wireless bluetooth stereo headset with jabra link 360 usb adapter for voip softphone, mobile phone and tablet. wireless bluetooth technology gives you up to 30 meters / 100 feet of hands-free connectivity to pc, smartphone and tablet.up to 10 hours battery life eliminates battery concerns.simply tap to connect devices with nfc.dual connectivity enables you to connect your headset to your pc and one other bluetooth device at the same time, so you can take the call on your preferred phone device.busy light signals user availability.microphone boom arm can be integrated into the headband when not on a call or simply listening to music.microphone mute on boom arm.leatherette ear cushions.soft pouch included.","€ 104,30",usd
c80,baseline,1,"[""r771""]",,,,,dkk
c81,baseline,1,"[""r789""]",,,,,
c82,baseline,1,"[""r814""]",,,,,huf
c83,baseline,2,"[""r840"", ""r842""]",wd purple surveillance hard drive wd101purz #demo,,,2195,
c84,baseline,1,"[""r843""]",,,,,try
c85,baseline,16,"[""r852"", ""r853"", ""r854"", ""r855"", ""r856"", ""r857"", ""r900"", ""r901"", ""r902"", ""r903"", ""r904"", ""r905"", ""r1046"", ""r1047"", ""r1048"", ""r1049""]",hikvision ds-7332hqhi-k4 32 channel dvr turbo 4.0,hikvision,"key featuresh.265+/h.265/h.264+/h.264 encoding for the main streamself-adaptive hdtvi/hdcvi/ahd/cvbs signal inputfull channel recording at up to 4 mp lite resolution12.5fps recording on 1080phdmi output at up to 4k (3840 × 2160) resolutionalso includes 1 x bnc (cvbs) video outputlong transmission distance over coax cablesupport up to 16-ch synchronous playbackinternet & smart phone compatibledownloadmanufacturers spec sheet (pdf)compatibilityhd-tvi: any hikvision hd-tvi camera (below 4mp)ahd: any ahd cctv camera (below 4mp)analogue: any analogue cctv cameravideo / audio inputvideo compressionh.265 pro+/h.265 pro/h.265/h.264+/h.264analog and hd-tvi video input32ch; bnc interface (1.0vp-p, 75 ω)supported camera typessupport hdtvi input:4 mp, 3 mp, 1080p30, 1080p25, 720p60, 720p50, 720p30, 720p25 note: the 3 mp signal input is only available for channel 1/2/3/4.support ahd input:4 mp, 1080p25, 1080p30, 720p25, 720p30support hdcvi input: 1080p25, 1080p30, 720p25, 720p30support cvbs input:pal/ntscip video input8-ch (up to 40-ch) - up to 6mp - supports h.265+/h.265/h.264+/h.264 ip camerasaudio compressiong.711uaudio input / two-way audio in4-ch, rca (2.0 vp-p, 1 kω)video / audio outputcvbs output1-ch, bnc(1.0vp-p,75ω), resolution:pal:704x576hdmi / vga outputvga / hdmi-1: 1-ch, 1920 × 1080/60hz, 1280 × 1024/60hz, 1280 × 720/60hz, 1024 × 768/60hzhdmi-2: 1-ch, 4k (3840 × 2160)/30hz, 2k (2560 × 1440)/60hz, 1920 × 1080/60hz, 1280 × 1024/60hz, 1280 × 720/60hz, 1024 × 768/60hzencoding resolutionwhen 1080p lite mode not enabled: 4 mp lite/3 mp/1080p/720p/vga/wd1/4cif/cif;when 1080p lite mode enabled: 4 mp lite/3 mp/1080p lite/720p lite/vga/wd1/4cif/cifframe ratemain stream:when 1080p lite mode not enabled:for 4 mp stream access: 4 mp lite@15fps; 1080p lite/720p/wd1/4cif/vga/cif@25fps(p)/30fps (n)for 3 mp stream access: 3 mp/1080p/720p/vga/wd1/4cif/cif@15fpsfor 1080p stream access: 1080p/720p@15fps; vga/wd1/4cif/cif@25fps (p)/30fps (n)for 720p stream access: 720p/vga/wd1/4cif/cif@25fps (p)/30fps (n)when 1080p lite mode enabled:for 4 mp stream access: 4 mp lite@15fps; 1080p lite/720p lite/wd1/4cif/vga/cif@25fps (p)/30fps(n)for 3 mp stream access: 3 mp/1080p lite/720p lite/wd1/4cif/vga/cif@15fpsfor 1080p stream access: 1080p lite/720p lite/wd1/4cif/vga/cif@25fps (p)/30fps (n)for 720p stream access: 720p/wd1/4cif/vga/cif@25fps (p)/30fps (n)sub-stream:wd1/4cif@12fps; cif@25fps (p)/30fps (n)video bit rate32 kbps - 6 mbpsaudio output1-ch, rca (linear, 1kω)audio bit rate64 kbpsdual-streamsupportstream typevideo, video & audiosynchronous playback16chnetwork managementremote connections128network protocolstcp/ip, pppoe, dhcp, hik-connect, dns, ddns, ntp, sadp, nfs, iscsi, upnp™, https, onvifhard disksata4 sata interfacecapacityup to 10 tb capacity for each diskesatasupportexternal interfacenetwork interface1, rj45 10m/100m/1000m self-adaptive ethernet interfaceserial interfacers-232, rs-485 (full-duplex), keyboardusb interfacefront panel: 2 × usb 2.0rear panel: 1 × usb 3.0alarm in/out16/4generalpower supply100 to 240 vacconsumption (without hdd)max 45wworking temperature-10 °c ~ +55 °cworking humidity10% ~ 90%dimensions (w x h x d)440 x 390 x 70 mm weightapprox. 7kg",314.37602,gbp
c86,baseline,1,"[""r906""]",,,,,eur
c87,baseline,1,"[""r918""]",,,,,eur
c88,baseline,1,"[""r956""]",sony sel 35mm/f2.8 fe full frame,,,"€799,00",
c89,baseline,1,"[""r962""]","plaquettes - road disc, level a1 (17-19) -organic/steel",,,0,
c9,baseline,5,"[""r54"", ""r55"", ""r56"", ""r58"", ""r59""]",aaa replica omega seamaster diver 300m master co-axial watch 210.22.42.20.01.002,omega,"omega seamaster diver 300m 210.22.42.20.01.002 reviewthe omega seamaster diver seems to be the watch that will take the omega collections to greater limelight of luxurious timepieces. the omega seamaster diver celebrated its 30th anniversary in 2018. celebrations were marked by the release of more improved models of the watch. the omega seamaster diver 300m 210.22.42.20.01.002 is one of the upgraded versions of the model that has been released so far. the case of the omega seamaster diver 300m 210.22.42.20.01.002 has been increased by 1mm compared to its previous model. the model is encased in a 42 mm of the legendary omega sedna rose gold. this is combined with stainless steel which surrounds the black dial which is a laser-engraved wave. the case is water resistance up to 300 meters / 1000 feet (30bars). on the sides of the case, you will notice that the watch is equipped with scratch-resistant sapphire crystals.the anti-glare coated sapphire crystals are domed in shape. this is a very important feature for clearer legibility, due to the delicate coating the watch requires attention. the case looks very elegant with the satin-brushed finish. the thickness of the omega seamaster diver 300m 210.22.42.20.01.002 model is 13.5mm. the watch has a crown protector that is polished, and carefully tucked in between is a gold crown. another notable feature is the satin-brushed finish found on the sedna gold bezel, it creates a wonderful contrast to the glossy polish done on the ceramic. this model of omega seamaster diver watch has a bi-color concept. the concept has been smartly expressed by omega in several accents. all these accents have been created by the sedna™ gold (18k pink gold alloy) which is patented by omega. the alloy brings sportiness and more heat to the dial of the watch. in addition to that, the alloy has been used to fill the symbols which are located on the black ceramic bezel. the watch is manually controlled by the helium release valve located at the 10 o’clock sign. the helium release valve happens to be a signature feature of the omega seamaster diver 300m. however, there are some watches in the market which have the same water resistance level of 30 bars but don’t have the helium release valve. omega has maintained this feature in this model since it was present in the very first model of the omega seamaster diver 300m. the other additional feature of the helium release valve is that it can be opened and closed safely underwater.the dial has the legendary wave’s design which was seen in the original model but got lost in the previous updates of the model. the waves are a little different than the ones on the first model of omega seamaster diver. with this seamaster diver 300m model, the waves are laser engraved and are located on the polished ceramic dials. the dial has been made of polished ceramic and comes in a variety of colors: pvd chrome color, black or blue. at 6 o’clock you find the date aperture instead of 3 o’clock. the black date disc has a white print. close to the aperture you will find a smaller hour index. the lume color on the dial is pretty amazing. the hour indices are blue, the bezel is green, and so is the minute hand. the watch is powered by omega’s caliber 8800 internal movement. this is the very first-time omega is using an in house movement, all the previous models used the caliber 2500. the movement is certified as a master chronometer and very solid. the movement guarantees high accuracy ranging from +0 to +5 seconds daily. the timepiece comes both in rubbers tarps and steel bracelets. the ones with steel bracelets are more costly than the rubber strapped ones. the 210.22.42.20.01.002 model has rubbers straps. the rubber straps are much softer and supple compared to the previous rubber straps used by omega. instead of a folding buckle, omega included a normal buckle in this watch model. the buckle has an amazing finish and is signed omega. unlike the 1990s models’ rubber straps, these straps lack the double ridged feature. the watch has the following specifications:➢ stainless steel and sedna (18-carat rose gold) case.➢ the case has a diameter of 42mm, and thickness: 13.5mm➢ sapphire crystals➢ sapphire case back➢ 300 meters of water resistance ➢ rubber strap with a stainless steel buckle.the omega 210.22.42.20.01.002 model is a wonderful piece that can be worn during both official and casual events. visit exquisite timepieces to get your omega seamaster diver 300m 210.22.42.20.01.002 at an affordable price. the watch retails at around $5000. in addition to that, you can find reviews of other luxurious watches in the market. they also have the latest luxury watch arrivals and are the leading provider of luxury timepieces in the market.",38900,usd
c90,baseline,1,"[""r981""]",,,,,myr
c91,baseline,1,"[""r982""]",,,"mastercase h500m tempered glass, no psu, e-atx, iron grey, mid tower case",,usd
c92,baseline,1,"[""r1038""]",,,,,eur
c93,baseline,1,"[""r1044""]",,,,,aed
c94,baseline,1,"[""r1045""]",,,,,xof
c95,baseline,1,"[""r1058""]",ubiquiti networks uap-ac-m-pro 1300mbit/s power over ethernet (poe) wit wlan toegangspunt,,,1.00895e3,
c96,baseline,2,"[""r1065"", ""r1256""]",spd sl cleats - pair - self aligning / black & yellow,,,15.99,gbp
c97,baseline,1,"[""r1068""]",,,,,eur
c98,baseline,1,"[""r1069""]",,,pen drive 64gb datatraveler se9 g2 usb 3.0 (metal casing),,eur
c99,baseline,1,"[""r1089""]",,,,,sek
